Time (s),Sensor 1 - Short Channel
0.0012831687927246094,1822
0.011302947998046875,2076
0.02139902114868164,1851
0.031223058700561523,1933
0.04123091697692871,2068
0.05123400688171387,1660
0.060762882232666016,2094
0.07092785835266113,1826
0.08088302612304688,1941
0.09080100059509277,2046
0.10085511207580566,1735
0.11059999465942383,1959
0.12059998512268066,1767
0.13063311576843262,1984
0.140516996383667,1928
0.1506209373474121,1431
0.16064000129699707,1650
0.17061090469360352,1205
0.18059301376342773,1142
0.1907060146331787,1178
0.20069098472595215,623
0.21067190170288086,705
0.22037887573242188,227
0.23022103309631348,130
0.26018524169921875,173
0.31024789810180664,252
0.3302268981933594,126
0.34021711349487305,124
0.3599729537963867,229
0.37997007369995117,109
0.410006046295166,186
0.4299001693725586,127
0.43981122970581055,161
0.44966721534729004,566
0.4596419334411621,1848
0.469696044921875,1963
0.4797220230102539,2317
0.4896728992462158,2297
0.4996170997619629,2065
0.5095570087432861,2461
0.5197350978851318,2026
0.529731035232544,2337
0.5397109985351562,2400
0.549156904220581,2244
0.5591728687286377,2708
0.5691750049591064,2369
0.5791070461273193,2717
0.5890769958496094,2667
0.5992231369018555,2660
0.6090729236602783,2910
0.6191070079803467,2656
0.6290891170501709,2814
0.6391911506652832,2647
0.6491639614105225,2514
0.6591339111328125,2683
0.6690318584442139,2358
0.6790919303894043,2523
0.6889548301696777,2146
0.698969841003418,300
0.7090408802032471,364
0.7291510105133057,768
0.7389659881591797,3698
0.7490251064300537,3863
0.7685031890869141,3806
0.8487281799316406,3860
0.868096113204956,3837
0.8880431652069092,3885
0.8980622291564941,3448
0.9082949161529541,3266
0.9181420803070068,2398
0.9281420707702637,2656
0.9380950927734375,2517
0.9480600357055664,2434
0.9582400321960449,2707
0.9681909084320068,2150
0.9781661033630371,2771
0.9878358840942383,2769
0.9979960918426514,3429
1.0081532001495361,3878
1.0178780555725098,3704
1.067816972732544,3782
1.09779691696167,3889
1.11757493019104,3745
1.1276419162750244,3770
1.137557029724121,3229
1.1476259231567383,3016
1.1574931144714355,2995
1.1675970554351807,2495
1.1776230335235596,3155
1.1872270107269287,3129
1.1973059177398682,3536
1.2073159217834473,3456
1.2177379131317139,3132
1.2271180152893066,3348
1.2370800971984863,3233
1.2471728324890137,3594
1.257159948348999,3812
1.2674670219421387,3844
1.287053108215332,3795
1.2973370552062988,3467
1.3068768978118896,2761
1.3167970180511475,1889
1.327242136001587,1687
1.3370771408081055,694
1.347135066986084,753
1.3566970825195312,860
1.366745948791504,1024
1.3765840530395508,1348
1.386620044708252,1037
1.3966798782348633,1216
1.40671706199646,1203
1.4166269302368164,1442
1.426671028137207,1920
1.4380218982696533,1473
1.4465360641479492,1950
1.4565551280975342,1854
1.4665329456329346,2040
1.476212978363037,2595
1.4862720966339111,2279
1.4963021278381348,2744
1.5068418979644775,2924
1.5164859294891357,3030
1.5280787944793701,3430
1.5364360809326172,3003
1.5463309288024902,2979
1.5562679767608643,2737
1.566305160522461,2596
1.5759930610656738,3006
1.5859777927398682,2517
1.5961520671844482,2906
1.6062610149383545,2564
1.6161539554595947,2313
1.626101016998291,1934
1.6361019611358643,1005
1.6460840702056885,771
1.6558740139007568,363
1.6667120456695557,306
1.675917148590088,611
1.685845136642456,447
1.695887804031372,759
1.7058210372924805,671
1.715749979019165,549
1.7256090641021729,642
1.735663890838623,164
1.7457270622253418,376
1.7583439350128174,413
1.7657349109649658,645
1.776839017868042,1340
1.7856130599975586,1165
1.7957119941711426,1904
1.8055930137634277,1905
1.8152430057525635,2234
1.8253540992736816,2472
1.8353140354156494,2309
1.8453290462493896,2659
1.8553109169006348,2567
1.8653161525726318,2679
1.8753480911254883,2936
1.8852801322937012,2553
1.8952200412750244,2970
1.9048221111297607,2869
1.9147999286651611,3143
1.92484712600708,3416
1.9349050521850586,3267
1.944955825805664,3577
1.9549150466918945,3130
1.9650239944458008,2949
1.9752330780029297,2739
1.9850718975067139,2230
1.9951181411743164,2441
2.004693031311035,2364
2.0147111415863037,3140
2.0246880054473877,3631
2.034701108932495,3268
2.044790029525757,3273
2.0546629428863525,2948
2.064692974090576,2945
2.0748190879821777,3003
2.0847039222717285,2909
2.094697952270508,3282
2.104196071624756,3149
2.114276170730591,3229
2.1244192123413086,3106
2.1343228816986084,2724
2.1444380283355713,2765
2.1543240547180176,2654
2.1643970012664795,3146
2.174414873123169,3172
2.1842901706695557,2755
2.1943612098693848,2814
2.2038559913635254,2297
2.213879108428955,2377
2.2238049507141113,2216
2.233870029449463,2567
2.2438578605651855,3717
2.284207820892334,3883
2.552802085876465,3899
2.6027629375457764,3898
2.7022359371185303,3867
3.0012989044189453,3847
3.1509928703308105,3854
3.1704819202423096,3882
3.2205588817596436,3899
3.4196128845214844,3894
3.6690080165863037,3886
3.7186200618743896,3892
3.8186399936676025,3855
3.8684279918670654,3894
3.9683640003204346,3885
4.336702108383179,3876
4.437692880630493,3840
4.835446119308472,3894
4.8853440284729,3894
5.035217046737671,3871
5.2038960456848145,3897
5.253902196884155,3856
5.353513956069946,3880
5.4035468101501465,3883
5.553344964981079,3885
5.602917909622192,3829
5.613001108169556,3866
5.622973918914795,3795
5.6329309940338135,3822
5.64300799369812,3541
5.6528000831604,3479
5.6628429889678955,780
5.6827452182769775,107
5.692613840103149,177
5.712651014328003,147
5.732387065887451,135
5.762162923812866,206
5.7821362018585205,121
5.812127113342285,210
5.832160949707031,140
5.861951112747192,236
5.8820202350616455,118
5.911888837814331,144
5.931726932525635,127
5.9617018699646,137
5.98159384727478,129
6.011274099349976,191
6.0314860343933105,129
6.061477899551392,149
6.081417083740234,123
6.11115288734436,115
6.131027936935425,150
6.16112208366394,213
6.180920124053955,143
6.210716962814331,142
6.23065710067749,117
6.280501127243042,142
6.310802936553955,212
6.330677032470703,139
6.380401849746704,184
6.430289030075073,192
6.460047960281372,114
6.47982120513916,241
6.5001630783081055,145
6.509994029998779,137
6.52991795539856,160
6.549788951873779,109
6.559792995452881,111
6.579761028289795,161
6.599869966506958,121
6.609600067138672,107
6.629615068435669,198
6.679478168487549,238
6.699388027191162,106
6.729328870773315,203
6.749276876449585,118
6.779170036315918,185
6.799108982086182,130
6.829020977020264,207
6.848968982696533,125
6.878705978393555,201
6.898813009262085,142
6.928744077682495,206
6.94874906539917,142
6.978582143783569,123
6.998373985290527,123
7.028105974197388,147
7.047945976257324,158
7.0781409740448,158
7.09814715385437,163
7.128078937530518,219
7.148044109344482,105
7.177865028381348,212
7.197885036468506,152
7.227727890014648,130
7.247539043426514,199
7.277384996414185,110
7.297363042831421,124
7.327244997024536,105
7.347156047821045,181
7.37742018699646,165
7.397403955459595,203
7.4271240234375,148
7.447069883346558,211
7.466669082641602,220
7.4765849113464355,155
7.48668909072876,421
7.497009992599487,567
7.506671190261841,618
7.51685094833374,1027
7.526561975479126,878
7.5366809368133545,1390
7.54674506187439,1311
7.556748151779175,1505
7.5667479038238525,1777
7.5766541957855225,1562
7.586658000946045,1998
7.596612215042114,1825
7.606605052947998,2007
7.616945028305054,2186
7.6263251304626465,1972
7.636337041854858,2299
7.646336078643799,2043
7.656324148178101,2331
7.669293165206909,2389
7.676364183425903,2239
7.6868181228637695,2374
7.696377992630005,2207
7.707890033721924,2430
7.715977907180786,2434
7.725841045379639,2348
7.735848903656006,2556
7.745822906494141,2326
7.755846977233887,2471
7.765907049179077,2544
7.775856018066406,2366
7.785851955413818,2578
7.795863151550293,2356
7.80584192276001,2537
7.8160741329193115,2522
7.825725078582764,2437
7.835987091064453,2670
7.845830917358398,2347
7.855584144592285,2486
7.8658061027526855,2493
7.875658988952637,2140
7.885643005371094,2314
7.89553689956665,2076
7.905555009841919,2105
7.915605068206787,1989
7.9255051612854,1767
7.935428857803345,2003
7.945358991622925,1831
7.955395221710205,2022
7.965430974960327,2055
7.975527048110962,1891
7.985303163528442,2325
7.995281934738159,1991
8.005352020263672,2335
8.015264987945557,2293
8.02493691444397,2237
8.034955024719238,2552
8.044888019561768,2283
8.05483603477478,2452
8.064826011657715,2413
8.07483196258545,2357
8.084695100784302,2485
8.094687938690186,2346
8.104854106903076,2514
8.114794969558716,2389
8.12481689453125,2455
8.134786128997803,2677
8.144760131835938,2353
8.154719114303589,2617
8.16468095779419,2489
8.174712181091309,2426
8.18464207649231,2629
8.194642066955566,2223
8.204384088516235,2525
8.214338064193726,2409
8.22433590888977,2401
8.235001802444458,2665
8.244415044784546,2168
8.254420042037964,2629
8.264464855194092,2424
8.274438858032227,2421
8.28410291671753,2666
8.294080018997192,2271
8.304220914840698,2624
8.314293146133423,2439
8.323994874954224,2521
8.334715843200684,2608
8.344084024429321,2228
8.35404109954834,2704
8.364099025726318,2472
8.374112129211426,2532
8.38427186012268,2692
8.393733978271484,2316
8.403708934783936,2606
8.413709163665771,2500
8.423693180084229,2556
8.436292886734009,2605
8.443714141845703,2386
8.453618049621582,2653
8.463629007339478,2438
8.473806858062744,2481
8.484100818634033,2586
8.493827104568481,2325
8.503752946853638,2622
8.513767957687378,2408
8.523675918579102,2517
8.53350305557251,2577
8.543360948562622,2315
8.55351710319519,2680
8.563435077667236,2356
8.57328486442566,2482
8.584090948104858,2486
8.593047142028809,2288
8.603074073791504,2624
8.613041877746582,2344
8.623129844665527,2504
8.633019924163818,2552
8.642900943756104,2309
8.65291714668274,2710
8.663012981414795,2345
8.673113822937012,2572
8.682851076126099,2593
8.692867040634155,2398
8.70294713973999,2627
8.71294116973877,2336
8.7225821018219,2478
8.7325279712677,2500
8.742495059967041,2239
8.752567052841187,2543
8.762761116027832,2094
8.77266788482666,2131
8.782724142074585,2099
8.79281210899353,1823
8.802916049957275,2067
8.812440156936646,1720
8.822623014450073,1989
8.836909055709839,1919
8.842981815338135,1963
8.853088140487671,2171
8.862297058105469,1995
8.872293949127197,2292
8.882277011871338,2210
8.892228841781616,2273
8.940850019454956,2404
8.941363096237183,2223
8.941561222076416,2403
8.941679954528809,2356
8.94221806526184,2315
8.952270984649658,2504
8.96183705329895,2184
8.971979141235352,2447
8.982184886932373,2428
8.991760015487671,2281
9.001662015914917,2652
9.011610984802246,2331
9.021581172943115,2468
9.031604051589966,2436
9.041586875915527,2333
9.051516056060791,2606
9.061481952667236,2196
9.071452856063843,2485
9.08151912689209,2324
9.091665983200073,2297
9.10158896446228,2565
9.111268997192383,2067
9.121291160583496,2493
9.131256103515625,2345
9.141222953796387,2364
9.151193857192993,2554
9.161159992218018,2194
9.17112398147583,2621
9.181372880935669,2436
9.191279172897339,2423
9.2012779712677,2609
9.211018085479736,2181
9.221138954162598,2610
9.231164932250977,2432
9.2412691116333,2474
9.25097918510437,2661
9.26094913482666,2285
9.270923137664795,2636
9.281020879745483,2477
9.290987014770508,2438
9.30095100402832,2637
9.311010122299194,2283
9.320700883865356,2692
9.330734014511108,2371
9.340817928314209,2424
9.350821018218994,2495
9.360964059829712,2324
9.370548009872437,2557
9.38054895401001,2398
9.39063811302185,2420
9.402815103530884,2488
9.410685062408447,2334
9.42060112953186,2569
9.430769920349121,2380
9.440818071365356,2461
9.450785160064697,2475
9.460289001464844,2213
9.470252990722656,2612
9.480350017547607,2349
9.490340232849121,2455
9.50050687789917,2504
9.510617971420288,2284
9.520501136779785,2550
9.530548095703125,2377
9.540122985839844,2534
9.55019998550415,2478
9.56026005744934,2305
9.569899082183838,2622
9.580023050308228,2381
9.59004807472229,2486
9.600050926208496,2500
9.610191822052002,2246
9.620206117630005,2449
9.62992000579834,2006
9.639894008636475,2141
9.649839162826538,2056
9.659759044647217,1749
9.669679880142212,2082
9.679694175720215,1705
9.689734935760498,1855
9.699723958969116,1978
9.709891080856323,1860
9.71965217590332,2268
9.729748010635376,1997
9.739725112915039,2188
9.749695062637329,2230
9.759548902511597,2138
9.769545078277588,2524
9.779359102249146,2163
9.78941011428833,2417
9.799654960632324,2362
9.809584856033325,2258
9.82132887840271,2608
9.829337120056152,2251
9.839317083358765,2389
9.849466800689697,2423
9.859071016311646,2389
9.86905288696289,2617
9.879233121871948,2214
9.88923692703247,2523
9.89926290512085,2367
9.909420013427734,2401
9.919507026672363,2549
9.929335117340088,2261
9.93894100189209,2493
9.94883108139038,2417
9.959155082702637,2327
9.968825101852417,2509
9.978947162628174,2265
9.98880910873413,2455
9.99888801574707,2407
10.008996963500977,2326
10.018960952758789,2479
10.028734922409058,2308
10.038794040679932,2557
10.051225900650024,2445
10.058550119400024,2388
10.068514108657837,2516
10.078598022460938,2364
10.088750123977661,2559
10.102005004882812,2474
10.110943078994751,2431
10.118361949920654,2631
10.12858510017395,2305
10.13814401626587,2542
10.148249864578247,2481
10.15827202796936,2485
10.168228149414062,2576
10.178192853927612,2331
10.188102006912231,2564
10.198038101196289,2455
10.20809292793274,2451
10.218073844909668,2629
10.228111982345581,2173
10.238457918167114,2517
10.248208999633789,2471
10.257811069488525,2486
10.267825841903687,2475
10.277765989303589,2131
10.287930011749268,2528
10.297894954681396,2321
10.308025121688843,2396
10.317744970321655,2536
10.327699899673462,2167
10.33771014213562,2625
10.347631931304932,2282
10.357778072357178,2396
10.367769956588745,2541
10.377745866775513,2180
10.387694120407104,2637
10.397664070129395,2280
10.407669067382812,2474
10.417938947677612,2555
10.427599906921387,2247
10.438288927078247,2661
10.44762396812439,2355
10.457280158996582,2458
10.4672269821167,2560
10.47718095779419,2226
10.487415075302124,2557
10.497392892837524,2245
10.507750988006592,2304
10.517423868179321,2208
10.52734112739563,1879
10.537308931350708,2156
10.547385931015015,1796
10.559162855148315,1903
10.567177057266235,1888
10.576853036880493,1676
10.586812019348145,2142
10.59673810005188,1762
10.606758832931519,2092
10.616786003112793,2154
10.62674593925476,1984
10.636713981628418,2355
10.646681070327759,2078
10.656745910644531,2341
10.666766166687012,1132
10.676533937454224,135
10.696605920791626,122
10.70657205581665,2312
10.7865731716156,3881
10.836284875869751,3858
10.905757904052734,3867
10.955777168273926,3863
11.055668115615845,3891
11.105417966842651,3895
11.155375957489014,3886
11.204856157302856,3831
11.304502964019775,3881
11.604050874710083,3834
11.723734140396118,3897
11.75362515449524,3878
11.77360486984253,3899
11.823195934295654,3890
11.972710847854614,3899
12.022794008255005,3882
12.223611831665039,3889
12.271791219711304,3885
12.371596097946167,3885
12.421219110488892,3861
12.570969104766846,3889
12.59055209159851,3895
12.69041109085083,3876
12.710516929626465,3892
12.720478057861328,3851
12.730401992797852,3773
12.740403890609741,3696
12.749945163726807,3741
12.760012149810791,3452
12.770022869110107,3582
12.779996871948242,3249
12.789963960647583,3221
12.799886226654053,3160
12.809883832931519,2829
12.819785118103027,3104
12.829838037490845,2606
12.839877843856812,2752
12.849988222122192,2689
12.859724998474121,2426
12.869711875915527,2663
12.879861116409302,2319
12.88974118232727,2509
12.899760007858276,2362
12.909725904464722,2266
12.919697046279907,2378
12.929744958877563,2203
12.93969202041626,2299
12.950115203857422,2227
12.959535837173462,2030
12.969529867172241,2355
12.979578971862793,1817
12.989573955535889,1984
12.999737977981567,1727
13.009226083755493,1591
13.019215822219849,1696
13.029244899749756,1286
13.039199113845825,1679
13.049108028411865,1458
13.059278964996338,1449
13.069281101226807,1695
13.079308986663818,1406
13.089303016662598,1872
13.099294900894165,1672
13.10917615890503,1752
13.119970083236694,2013
13.12906002998352,1796
13.13907504081726,1996
13.148965835571289,1936
13.158962965011597,1895
13.168878078460693,2099
13.178930044174194,1735
13.188977003097534,2151
13.198662042617798,2007
13.208638906478882,1965
13.218601942062378,2188
13.22861909866333,1843
13.23878812789917,2152
13.248891830444336,2070
13.258829116821289,2120
13.26864218711853,2158
13.278652906417847,1806
13.288511991500854,2212
13.298508167266846,1957
13.30869197845459,2001
13.318336963653564,2167
13.328289031982422,1823
13.338268995285034,2212
13.348226070404053,1934
13.358603954315186,1995
13.368322134017944,2192
13.378071069717407,1876
13.388068199157715,2346
13.398192882537842,2023
13.408262014389038,2169
13.418375968933105,2185
13.42817997932434,1939
13.438188076019287,2246
13.44777798652649,2051
13.457898139953613,2123
13.467834949493408,2193
13.477919101715088,2067
13.4879310131073,2321
13.497931957244873,2114
13.507914066314697,2159
13.517913818359375,2232
13.527897834777832,1991
13.53788709640503,2368
13.547959089279175,2049
13.557849884033203,2138
13.56771206855774,2202
13.57772707939148,1925
13.587716102600098,2348
13.597738027572632,2016
13.607789039611816,2181
13.617813110351562,2145
13.627701997756958,2053
13.637285947799683,2215
13.647255182266235,2022
13.657294034957886,2183
13.667457103729248,2169
13.67720913887024,2019
13.68724799156189,2346
13.697249174118042,1979
13.707171201705933,2139
13.71724009513855,2146
13.727159023284912,2071
13.737277030944824,2350
13.747308015823364,1990
13.757328987121582,2224
13.766980171203613,2127
13.776947021484375,1893
13.787214994430542,1995
13.796788930892944,1720
13.806838035583496,1762
13.816779136657715,1636
13.826709032058716,1539
13.836750984191895,1715
13.846801042556763,1309
13.856718063354492,1681
13.866667032241821,1519
13.87664794921875,1548
13.886582136154175,1818
13.89670991897583,1465
13.906724214553833,1948
13.916456937789917,1865
13.926367998123169,1850
13.936584949493408,2225
13.946390151977539,1812
13.95659589767456,2185
13.966506958007812,2052
13.976192951202393,1935
13.986259937286377,2160
13.996302127838135,1913
14.006314039230347,2188
14.01661205291748,2069
14.026224851608276,2107
14.03629207611084,2359
14.046383142471313,2018
14.056026935577393,2356
14.066034078598022,2191
14.076015949249268,2179
14.086022853851318,2353
14.096029043197632,2027
14.106146097183228,2409
14.11611008644104,2084
14.12631607055664,2163
14.136429071426392,2288
14.146120071411133,2071
14.155736207962036,2280
14.165655136108398,2115
14.177316904067993,2178
14.186037063598633,2331
14.195664882659912,1997
14.205536127090454,2441
14.215409994125366,2170
14.225486993789673,2259
14.235598802566528,2402
14.245570182800293,2062
14.255504846572876,2437
14.265551805496216,2189
14.275559902191162,2305
14.285550117492676,2374
14.295139074325562,2121
14.305105924606323,2441
14.315118074417114,2261
14.325247049331665,2280
14.335079908370972,2437
14.345180034637451,2132
14.355359077453613,2419
14.365198850631714,2202
14.37537407875061,2241
14.384973049163818,2330
14.395000219345093,2120
14.405026197433472,2513
14.415009021759033,2115
14.425137042999268,2349
14.434952020645142,2276
14.445029973983765,2218
14.45487380027771,2452
14.464898109436035,2206
14.475100040435791,2329
14.484773874282837,2343
14.501398086547852,2170
14.504710912704468,2414
14.514864921569824,2222
14.524842023849487,2362
14.534556865692139,2366
14.54456901550293,2126
14.554553985595703,2435
14.564594030380249,2219
14.574736833572388,2311
14.584718227386475,2311
14.594645023345947,1995
14.604591846466064,2327
14.614605188369751,1889
14.624608039855957,1949
14.634711027145386,1814
14.64449691772461,1583
14.654221057891846,1874
14.664270877838135,1442
14.674130916595459,1702
14.684238910675049,1647
14.694365978240967,1522
14.704332113265991,1973
14.714321851730347,1644
14.72431993484497,1996
14.734400033950806,1926
14.744019985198975,1856
14.753903150558472,2265
14.763980150222778,1942
14.77406120300293,2238
14.784160137176514,2199
14.794111967086792,2038
14.804049015045166,2347
14.81413984298706,2058
14.823776960372925,2313
14.833903074264526,2223
14.84386682510376,2174
14.85381007194519,2440
14.864027976989746,2167
14.873923063278198,2400
14.88346815109253,2281
14.893604040145874,2292
14.903586149215698,2447
14.913665056228638,2195
14.923645973205566,2362
14.933627843856812,2303
14.943769931793213,2226
14.953391075134277,2473
14.963373184204102,2049
14.973326206207275,2407
14.98333215713501,2291
14.993284225463867,2232
15.00341510772705,2513
15.013423919677734,2093
15.023355960845947,2462
15.033431053161621,2293
15.043467044830322,2303
15.053316116333008,2438
15.063023805618286,2223
15.072985172271729,2411
15.082991123199463,2363
15.092953205108643,2291
15.102979183197021,2520
15.112982034683228,2191
15.123053073883057,2474
15.132987976074219,2325
15.14308500289917,2350
15.153102159500122,2503
15.163135051727295,2293
15.172624826431274,2458
15.182679176330566,2304
15.192615985870361,2341
15.202681064605713,2434
15.21280312538147,2175
15.222819089889526,2501
15.232767105102539,2295
15.246081113815308,2304
15.252681016921997,2454
15.262388944625854,2087
15.272377967834473,2483
15.282505989074707,2214
15.292443037033081,2324
15.302510023117065,2460
15.312625885009766,2137
15.322634935379028,2449
15.332249879837036,2247
15.342397928237915,2347
15.352234125137329,2436
15.362442970275879,2110
15.372488975524902,2457
15.382494926452637,2251
15.392165899276733,2321
15.401865005493164,2214
15.411924123764038,1898
15.421916007995605,2253
15.431995868682861,1831
15.442214965820312,1850
15.451949119567871,1811
15.462055921554565,1516
15.471973896026611,1979
15.481850862503052,1636
15.491941928863525,1885
15.502009868621826,1953
15.512049913406372,1818
15.521647214889526,2257
15.531677007675171,2017
15.541776895523071,2113
15.55175495147705,2256
15.56175684928894,1980
15.571843147277832,2404
15.581835985183716,2136
15.592010974884033,2307
15.601438999176025,2333
15.611363172531128,2084
15.6217200756073,2702
15.631641864776611,1572
15.641438961029053,151
15.651406049728394,114
15.68120002746582,140
15.70117998123169,148
15.711441040039062,116
15.73130488395691,208
15.751209020614624,105
15.781103134155273,142
15.800857067108154,143
15.831054925918579,234
15.850631952285767,129
15.88063907623291,122
15.9005708694458,137
15.930575847625732,145
15.95048189163208,128
15.980309963226318,203
16.000311136245728,143
16.03005599975586,122
16.049956798553467,172
16.08036708831787,168
16.10002899169922,131
16.13007688522339,121
16.149835109710693,151
16.179811000823975,153
16.19979691505432,114
16.229650020599365,159
16.249592065811157,110
16.27963399887085,221
16.299509048461914,131
16.329577922821045,207
16.34907078742981,137
16.399070978164673,204
16.418973922729492,102
16.44892382621765,181
16.468959093093872,111
16.498823881149292,181
16.51869225502014,117
16.54872703552246,172
16.568647861480713,129
16.598518133163452,194
16.618408918380737,122
16.62847113609314,101
16.648418188095093,138
16.668457984924316,101
16.6980459690094,148
16.71806311607361,112
16.728024005889893,104
16.759654998779297,236
16.76823925971985,113
16.79804801940918,191
16.817723989486694,151
16.84783911705017,144
16.867780208587646,169
16.897724866867065,225
16.917371034622192,148
16.937320947647095,162
16.9475200176239,272
16.957226037979126,243
16.967216968536377,453
16.977170944213867,442
16.987179040908813,1051
16.99703288078308,888
17.007109880447388,1361
17.01710796356201,1489
17.026990175247192,1468
17.036951065063477,2020
17.046956062316895,1734
17.057090044021606,2188
17.066972017288208,2152
17.076950073242188,2217
17.086973905563354,2472
17.096949100494385,2319
17.106734037399292,2573
17.1166410446167,2493
17.12664818763733,2516
17.136622190475464,2769
17.146637201309204,2324
17.15676999092102,2702
17.16677498817444,2555
17.176470041275024,2613
17.186511993408203,2850
17.196677923202515,2604
17.20671010017395,2867
17.21718406677246,2712
17.226425170898438,2758
17.236499071121216,3032
17.24639391899109,2725
17.25639820098877,2954
17.26680302619934,2899
17.276257038116455,2927
17.286354064941406,3063
17.29629111289978,2790
17.306252002716064,3096
17.316138982772827,2941
17.326114177703857,3015
17.336112022399902,3148
17.346046924591064,2794
17.35602903366089,3169
17.36597990989685,2938
17.37593698501587,3007
17.385892152786255,3176
17.396191120147705,2796
17.40591788291931,3151
17.415936946868896,2901
17.425989866256714,3041
17.435908794403076,3031
17.445686101913452,2729
17.45566701889038,3036
17.465940952301025,2873
17.4755699634552,2995
17.485477924346924,3022
17.495617151260376,2702
17.505794048309326,3093
17.515424966812134,2818
17.52541494369507,2968
17.5354061126709,3083
17.545480012893677,2684
17.555710077285767,3007
17.56541109085083,2860
17.57545495033264,2997
17.58542799949646,2935
17.59538197517395,2787
17.605430126190186,2904
17.615241050720215,2503
17.625416040420532,2592
17.635212182998657,2384
17.64521598815918,1953
17.655155897140503,2456
17.66508913040161,2130
17.67508602142334,2360
17.68515682220459,2418
17.695142030715942,2198
17.705148935317993,2716
17.71519112586975,2369
17.725039958953857,2648
17.734966039657593,2729
17.744925022125244,2544
17.75502586364746,2905
17.764874935150146,2615
17.77484107017517,2862
17.784816026687622,2815
17.79485011100769,2619
17.804769039154053,3016
17.81469488143921,2540
17.82478904724121,2826
17.83469009399414,2840
17.84469985961914,2682
17.854595184326172,3085
17.864758014678955,2763
17.874762058258057,2945
17.884515047073364,2906
17.8944730758667,2628
17.90444588661194,2914
17.91455316543579,2723
17.92457103729248,2935
17.934226989746094,2899
17.944149017333984,2655
17.954417943954468,3050
17.96446394920349,2640
17.97452712059021,2875
17.98440909385681,2791
17.99433922767639,2714
18.004064083099365,2958
18.01415514945984,2680
18.02432417869568,2890
18.034229040145874,2767
18.044233083724976,2809
18.05417490005493,2923
18.063775062561035,2716
18.07372498512268,2938
18.083709955215454,2891
18.093708038330078,2851
18.103652238845825,3054
18.11371111869812,2639
18.123732089996338,2957
18.133706092834473,2888
18.143798112869263,2822
18.15377902984619,3008
18.163937091827393,2717
18.173752069473267,2988
18.18356680870056,2825
18.19374394416809,2822
18.203716039657593,3024
18.213376998901367,2600
18.223695993423462,2911
18.23371386528015,2802
18.24360990524292,2825
18.253583908081055,2976
18.263543128967285,2698
18.27352809906006,2904
18.283128023147583,2706
18.293113231658936,2841
18.3032808303833,2993
18.31324815750122,2574
18.323008060455322,2914
18.332947969436646,2778
18.344300985336304,2782
18.35295796394348,2965
18.362882137298584,2580
18.37295699119568,3062
18.38282084465027,2796
18.39280891418457,2777
18.40272808074951,2901
18.41282296180725,2425
18.42280411720276,2686
18.432857990264893,2389
18.442790985107422,2265
18.452800035476685,2338
18.462822914123535,1875
18.47273302078247,2399
18.482742071151733,2055
18.492788076400757,2201
18.502763986587524,2413
18.512770175933838,2109
18.522725820541382,2579
18.532649040222168,2327
18.542720079421997,2537
18.5526442527771,2611
18.56226110458374,2316
18.572154998779297,2736
18.58209204673767,2551
18.592162132263184,2617
18.602156162261963,2742
18.6122989654541,2483
18.62220287322998,2789
18.63213300704956,2549
18.6427960395813,2695
18.655391931533813,2793
18.662024974822998,2502
18.672115087509155,2809
18.682106971740723,2631
18.69219994544983,2730
18.702134132385254,2749
18.711776971817017,2531
18.72180986404419,3002
18.731853008270264,2644
18.74187707901001,2780
18.7518310546875,2734
18.761848211288452,2626
18.771862030029297,2809
18.78171181678772,2570
18.791884183883667,2721
18.80166506767273,2756
18.811864137649536,2555
18.821784019470215,2859
18.831618070602417,2602
18.841729164123535,2724
18.85145592689514,2751
18.86168909072876,2567
18.87165117263794,2886
18.881614208221436,2584
18.89121699333191,2836
18.901316165924072,2822
18.911357879638672,2629
18.921369791030884,3015
18.931318044662476,2522
18.941220998764038,2797
18.951183795928955,2796
18.961204051971436,2695
18.97119379043579,3018
18.98095393180847,2650
18.991021156311035,2880
19.00086498260498,2802
19.01101803779602,2718
19.020998001098633,2903
19.030985116958618,2631
19.041016101837158,2819
19.050957202911377,2720
19.06102705001831,2692
19.071070909500122,2880
19.080708980560303,2498
19.09085202217102,2778
19.100771188735962,2755
19.110559940338135,2516
19.120707035064697,2840
19.130692958831787,2527
19.140796899795532,2804
19.150744199752808,2706
19.16067099571228,2559
19.17076802253723,2877
19.180743932724,2539
19.190723180770874,2809
19.200361013412476,2670
19.210488080978394,2679
19.220429182052612,2873
19.230457067489624,2422
19.240525007247925,2798
19.250521898269653,2598
19.260766983032227,2610
19.27040410041809,2575
19.280508041381836,2185
19.290487051010132,2373
19.30035901069641,2044
19.31031823158264,2101
19.320290088653564,2175
19.330281019210815,2003
19.340287923812866,2342
19.350335121154785,2136
19.360167026519775,2324
19.369853973388672,2440
19.379859924316406,2128
19.389920949935913,2647
19.399872064590454,2423
19.40983510017395,2572
19.419844150543213,2758
19.429891109466553,2326
19.439784049987793,2830
19.449758052825928,2524
19.459645986557007,2569
19.46954083442688,2799
19.479443073272705,2353
19.489452123641968,2765
19.499510049819946,2588
19.509380102157593,2695
19.519287109375,2739
19.529295921325684,2468
19.539329051971436,2825
19.549453020095825,2591
19.559181213378906,2655
19.56923198699951,2703
19.579251050949097,2291
19.589226961135864,2818
19.599169969558716,2495
19.609239101409912,2621
19.619189023971558,2709
19.62922191619873,2349
19.639158010482788,2867
19.649106979370117,2464
19.658983945846558,2611
19.669145822525024,2756
19.679023027420044,2370
19.68901300430298,2852
19.69902276992798,2512
19.708985090255737,2711
19.719045877456665,2791
19.72897696495056,2457
19.738924026489258,2882
19.748913049697876,2566
19.75872802734375,2744
19.76866102218628,2762
19.778584003448486,2545
19.78852605819702,2936
19.798553228378296,2511
19.808687925338745,2761
19.818605184555054,2773
19.828366994857788,2629
19.844526052474976,2834
19.849726915359497,2599
19.86410403251648,2761
19.86846899986267,2776
19.878477096557617,2604
19.888426065444946,2845
19.8983051776886,2553
19.90831995010376,2744
19.9183509349823,2763
19.928280115127563,2516
19.938250064849854,2916
19.948179960250854,2419
19.958237886428833,2704
19.968163013458252,2731
19.97816801071167,2492
19.98816704750061,2875
19.99819302558899,2447
20.00819206237793,2758
20.01815390586853,2665
20.02818012237549,2600
20.037785053253174,2918
20.047709941864014,2550
20.05785608291626,2718
20.06789517402649,2740
20.077900171279907,2521
20.087789058685303,2898
20.097842931747437,2504
20.107929229736328,2805
20.117820024490356,2693
20.127798080444336,2614
20.137826204299927,2796
20.147784948349,2543
20.157437086105347,2780
20.167545795440674,2573
20.17754101753235,2436
20.187592029571533,2528
20.19753408432007,1878
20.207550048828125,2272
20.217440128326416,1987
20.227221965789795,1977
20.23722195625305,2263
20.247127056121826,1832
20.257148027420044,2376
20.267054080963135,2177
20.27718710899353,2275
20.287088871002197,2562
20.29700207710266,2175
20.307164907455444,2660
20.317234992980957,2497
20.326914072036743,2518
20.33678388595581,2779
20.346760988235474,2332
20.356898069381714,2644
20.36687397956848,2498
20.376945972442627,2563
20.386831998825073,2821
20.396836042404175,2426
20.406778812408447,2688
20.416738033294678,2587
20.426843881607056,2547
20.436723947525024,2792
20.446516036987305,2458
20.456466913223267,2742
20.466435194015503,2561
20.47649097442627,2643
20.486329793930054,2642
20.496341943740845,2317
20.506353855133057,2868
20.51625919342041,2486
20.52631402015686,2590
20.53628182411194,2652
20.546265125274658,2293
20.5562481880188,2791
20.566209077835083,2413
20.576213121414185,2642
20.586244106292725,2608
20.596199989318848,2438
20.60609793663025,2613
20.616096019744873,2439
20.626184940338135,2662
20.636032104492188,2681
20.646042823791504,523
20.665966033935547,181
20.67598009109497,285
20.685919046401978,3826
20.70585298538208,3867
20.755781888961792,3892
20.805721044540405,3870
21.07482600212097,3871
21.12452793121338,3853
21.224414110183716,3865
21.254265785217285,3887
21.273823976516724,3851
21.32384705543518,3886
21.423603057861328,3884
21.522979021072388,3869
21.622938871383667,3860
21.722623109817505,3878
21.872241020202637,3897
21.89177393913269,3893
22.041807889938354,3891
22.689388036727905,3784
22.699631929397583,3888
22.709511041641235,3835
22.719570875167847,3837
22.7292218208313,3609
22.73917293548584,3697
22.7492458820343,3356
22.759075164794922,3437
22.769178867340088,3367
22.779118061065674,3107
22.78907084465027,3210
22.7989399433136,2882
22.808928966522217,2979
22.818959951400757,2858
22.829145908355713,2552
22.83875608444214,2925
22.84911584854126,2444
22.858969926834106,2595
22.86880898475647,2583
22.878852128982544,2258
22.88878297805786,2546
22.898813009262085,2041
22.910872220993042,2063
22.920347929000854,1966
22.929348945617676,1625
22.938751935958862,2058
22.948674201965332,1693
22.95858407020569,1853
22.96847701072693,1879
22.978452920913696,1745
22.988441944122314,2176
22.998384952545166,1729
23.008420944213867,2103
23.01830816268921,2069
23.028330087661743,2003
23.038481950759888,2315
23.048496961593628,1972
23.05844497680664,2251
23.067935943603516,2120
23.077855110168457,2106
23.087836980819702,2392
23.097865104675293,1889
23.107892990112305,2264
23.11799192428589,2195
23.127924919128418,2083
23.13809895515442,2292
23.14773416519165,2055
23.157655000686646,2207
23.167627096176147,2165
23.1775860786438,2016
23.187669038772583,2401
23.197670936584473,2030
23.207867860794067,2154
23.217833995819092,2069
23.227442979812622,2096
23.23740792274475,2157
23.247519969940186,1822
23.257527112960815,2253
23.267414093017578,2038
23.277467966079712,2058
23.287469148635864,2264
23.297435998916626,1896
23.30746817588806,2345
23.317426919937134,2102
23.327402114868164,2169
23.337405920028687,2332
23.34743094444275,2026
23.3574321269989,2327
23.36691403388977,2138
23.376917123794556,2198
23.386919021606445,2345
23.39693284034729,1970
23.407054901123047,2346
23.41695499420166,2233
23.42703104019165,2178
23.437164068222046,2320
23.44692897796631,2147
23.456947088241577,2413
23.466930866241455,2194
23.47699785232544,2269
23.487044095993042,2377
23.497197151184082,2119
23.50703501701355,2323
23.516615867614746,2189
23.526489973068237,2271
23.53644108772278,2272
23.546463012695312,1988
23.55661392211914,2404
23.566570043563843,2169
23.57648491859436,2207
23.586230039596558,2298
23.596230030059814,2017
23.60619020462036,2498
23.616200923919678,2159
23.62619400024414,2308
23.636173009872437,2380
23.646121978759766,2103
23.656185150146484,2513
23.666157007217407,2216
23.676153898239136,2313
23.686100959777832,2361
23.696131229400635,2112
23.706071138381958,2592
23.71580696105957,2319
23.725956201553345,2376
23.735944986343384,2387
23.746042013168335,1977
23.75607919692993,2410
23.76602602005005,2070
23.775611877441406,2163
23.785700798034668,1930
23.795695066452026,1672
23.80553388595581,2056
23.815519094467163,1614
23.825654983520508,1845
23.835839986801147,1835
23.845739126205444,1697
23.855404138565063,2121
23.865401029586792,1769
23.87542414665222,2137
23.88551092147827,2158
23.895599126815796,1958
23.90558910369873,2381
23.915991067886353,2005
23.925628900527954,2317
23.935599088668823,2227
23.94556713104248,2160
23.955116987228394,2419
23.965502977371216,2088
23.975479125976562,2304
23.98560094833374,2248
23.995450973510742,2154
24.005502939224243,2369
24.015312910079956,2158
24.024882078170776,2323
24.034822940826416,2223
24.044969081878662,2226
24.0550479888916,2466
24.06512212753296,2065
24.074832916259766,2366
24.084885120391846,2239
24.09461784362793,2047
24.104615926742554,2453
24.114738941192627,2000
24.124601125717163,2360
24.134560108184814,2196
24.144586086273193,2135
24.154692888259888,2445
24.164398193359375,2053
24.174561023712158,2327
24.18469500541687,2266
24.194695949554443,2252
24.20450520515442,2490
24.214643001556396,2073
24.22444796562195,2347
24.234410047531128,2231
24.244331121444702,2217
24.25433087348938,2380
24.264394998550415,2121
24.274286031723022,2451
24.284276008605957,2277
24.29415202140808,2264
24.3042471408844,2385
24.314064025878906,2112
24.32414221763611,2372
24.334110021591187,2276
24.34425187110901,2241
24.35418391227722,2492
24.36375403404236,2020
24.373756885528564,2494
24.383914947509766,2218
24.393858194351196,2312
24.404026985168457,2415
24.413964986801147,2177
24.423645973205566,2410
24.433764219284058,2244
24.443716049194336,2298
24.453870058059692,2372
24.46394395828247,2121
24.473961114883423,2398
24.484533071517944,2240
24.493435859680176,2268
24.50358819961548,2420
24.513531923294067,2144
24.52362084388733,2471
24.53363299369812,2260
24.543391942977905,2325
24.553436040878296,2425
24.563318014144897,2171
24.573312044143677,2515
24.583258867263794,2260
24.59324812889099,2367
24.60343289375305,2434
24.613037109375,1993
24.62322688102722,2429
24.633098125457764,2133
24.64305806159973,2155
24.653043031692505,2148
24.663046836853027,1688
24.67301297187805,2167
24.683033227920532,1804
24.69300603866577,1946
24.702703952789307,2015
24.712722063064575,1797
24.747236251831055,2255
24.75178289413452,1905
24.752228021621704,2242
24.752758979797363,2271
24.762863874435425,2090
24.7728431224823,2471
24.782505989074707,2096
24.792476892471313,2376
24.802573204040527,2396
24.812537908554077,2210
24.822545051574707,2614
24.832425117492676,2275
24.84244680404663,2471
24.85254192352295,2426
24.86254596710205,2265
24.87252402305603,2497
24.882124185562134,2298
24.892088174819946,2456
24.9022479057312,2465
24.912272930145264,2264
24.922430992126465,2522
24.93200421333313,2310
24.942129850387573,2480
24.95206308364868,2401
24.962072134017944,2233
24.972289085388184,2513
24.982183933258057,2289
24.991771936416626,2498
25.001734972000122,2394
25.01173210144043,2392
25.02200698852539,2662
25.03199005126953,2275
25.041697025299072,2563
25.0517520904541,2446
25.061825037002563,2320
25.071742057800293,2690
25.081483125686646,2258
25.09163999557495,2571
25.10177206993103,2507
25.11178493499756,2436
25.12155508995056,2691
25.131553173065186,2305
25.141473054885864,2623
25.151467084884644,2516
25.161614894866943,2456
25.17162799835205,2598
25.181218147277832,2328
25.19114398956299,2610
25.201242923736572,2491
25.21144390106201,2436
25.22142219543457,2614
25.23099184036255,2338
25.24100089073181,2588
25.25110101699829,2490
25.261229038238525,2468
25.271198987960815,2640
25.28128695487976,2368
25.290882110595703,2603
25.30093002319336,2374
25.310912132263184,2520
25.321043014526367,2694
25.331090927124023,2323
25.34103298187256,2646
25.350600004196167,2483
25.36074185371399,2468
25.370718002319336,2598
25.380810976028442,2319
25.390721082687378,2650
25.400448083877563,2569
25.410457849502563,2534
25.42069101333618,2623
25.4306161403656,2437
25.44064211845398,2643
25.450702905654907,2563
25.46074914932251,2565
25.470296144485474,2582
25.480273962020874,2286
25.49027419090271,2669
25.500408172607422,2335
25.5104341506958,2354
25.520321130752563,2244
25.530104160308838,1961
25.540093898773193,2161
25.55008602142334,1939
25.560035228729248,2003
25.569999933242798,2132
25.58010196685791,1811
25.58998394012451,2060
25.599863052368164,2089
25.609832048416138,521
25.619834899902344,163
25.629786014556885,149
25.650044918060303,237
25.679913997650146,123
25.6997709274292,158
25.719881057739258,111
25.74972105026245,191
25.769657850265503,112
25.7998468875885,235
25.849395036697388,122
25.869395971298218,151
25.89893889427185,122
25.919166088104248,118
25.948915004730225,250
25.96900510787964,120
25.999002933502197,219
26.018760919570923,161
26.048546075820923,156
26.06855821609497,125
26.098828077316284,198
26.118692874908447,143
26.148772954940796,187
26.16850519180298,130
26.198530197143555,120
26.21828007698059,149
26.248255014419556,151
26.268172025680542,118
26.31807017326355,145
26.34757900238037,196
26.367597103118896,122
26.418012857437134,143
26.43735098838806,116
26.447277069091797,137
26.467629194259644,176
26.51745104789734,183
26.54696297645569,103
26.567276000976562,161
26.61670708656311,245
26.637085914611816,106
26.666856050491333,137
26.686758995056152,130
26.716362953186035,163
26.766366958618164,250
26.786339044570923,247
26.79630994796753,257
26.806284189224243,572
26.81622815132141,657
26.826153993606567,1002
26.835957050323486,1238
26.846100091934204,1284
26.856086015701294,1816
26.866041898727417,1641
26.876108169555664,2017
26.886110067367554,2143
26.89601421356201,2020
26.905766010284424,2388
26.915698051452637,2278
26.925703048706055,2560
26.93565797805786,2516
26.945815086364746,2527
26.955790996551514,2811
26.96571397781372,2532
26.97565793991089,2870
26.985636234283447,2740
26.995667934417725,2800
27.00562596321106,2957
27.01559615135193,2700
27.025716066360474,3039
27.035590887069702,2911
27.04559016227722,2862
27.05531096458435,3174
27.065444231033325,2796
27.075491189956665,3078
27.08532404899597,2919
27.09543800354004,2869
27.105334997177124,3176
27.11590003967285,2747
27.125368118286133,3079
27.135276079177856,3012
27.145217180252075,2942
27.155153036117554,3166
27.165197134017944,2732
27.1751549243927,2955
27.185058116912842,2781
27.19502592086792,2704
27.2049720287323,2848
27.2149498462677,2429
27.22499680519104,2665
27.235039949417114,2558
27.245058059692383,2568
27.25503706932068,2704
27.265042066574097,2468
27.27506399154663,2805
27.285018920898438,2666
27.29503893852234,2750
27.30502200126648,2888
27.317130088806152,2701
27.324931144714355,2982
27.33488416671753,2812
27.344871997833252,2886
27.354860067367554,2985
27.365175008773804,2769
27.374737977981567,3019
27.384676218032837,2843
27.394671201705933,2927
27.404568195343018,3004
27.41446089744568,2630
27.424304008483887,3022
27.43461799621582,2911
27.44426202774048,2923
27.454230070114136,3068
27.464193105697632,2695
27.474277019500732,3071
27.484238147735596,2813
27.49423599243164,2904
27.50386691093445,2941
27.51383924484253,2691
27.52385902404785,3128
27.533951997756958,2829
27.543950080871582,2970
27.553900003433228,2931
27.564438104629517,2733
27.574066877365112,3024
27.584210872650146,2781
27.594003915786743,2987
27.60391879081726,2969
27.61365294456482,2716
27.623584985733032,3166
27.633745908737183,2899
27.643648147583008,2945
27.653616905212402,3044
27.66358995437622,2872
27.673572063446045,3117
27.683504819869995,2867
27.693469047546387,3015
27.703465938568115,2995
27.713495016098022,2883
27.72339701652527,3096
27.73333191871643,2852
27.743328094482422,3019
27.753381967544556,3044
27.76344084739685,2805
27.774152994155884,3126
27.783200979232788,2788
27.793320894241333,3004
27.803279876708984,2965
27.813243865966797,2793
27.82294511795044,3170
27.8331139087677,2743
27.843074083328247,2980
27.852832078933716,2979
27.86301016807556,2714
27.873095989227295,3172
27.883153915405273,2830
27.892870903015137,2930
27.902907848358154,2948
27.91281509399414,2707
27.922959804534912,3148
27.932544946670532,2621
27.942482948303223,3029
27.952602863311768,2913
27.96267008781433,2835
27.972674131393433,2998
27.983679056167603,2758
27.992538928985596,2925
28.002564191818237,2775
28.012529850006104,2721
28.022714853286743,2851
28.032388925552368,2452
28.04235291481018,2604
28.052343130111694,2403
28.0623939037323,2406
28.072346925735474,2613
28.083168029785156,2193
28.092409133911133,2625
28.102118015289307,2445
28.11206817626953,2499
28.122040033340454,2894
28.13206720352173,2539
28.142340898513794,2785
28.152114868164062,2760
28.16213893890381,2622
28.17208194732666,3012
28.182590007781982,2651
28.19209909439087,2823
28.201853036880493,2770
28.21185302734375,2818
28.221919059753418,2929
28.232110023498535,2641
28.24198293685913,2945
28.251702070236206,2719
28.261720180511475,2840
28.271609783172607,2889
28.281525135040283,2686
28.2918221950531,2910
28.301444053649902,2755
28.311572074890137,2729
28.32163405418396,2967
28.331344842910767,2466
28.34140181541443,2846
28.351513147354126,2723
28.361263036727905,2694
28.37123680114746,2892
28.38124108314514,2482
28.391289234161377,2904
28.401298999786377,2671
28.411269903182983,2735
28.421353101730347,2844
28.433835983276367,2657
28.44101619720459,2975
28.451061964035034,2630
28.461169958114624,2805
28.471101999282837,2886
28.481950998306274,2552
28.49112820625305,3059
28.500964164733887,2650
28.510722160339355,2839
28.520680904388428,2923
28.53117609024048,2595
28.540616035461426,2944
28.550624132156372,2717
28.56054997444153,2795
28.570518970489502,2866
28.58065104484558,2671
28.59064292907715,2944
28.600772857666016,2676
28.61056685447693,2846
28.620605945587158,2883
28.630659103393555,2567
28.640510082244873,3011
28.6617648601532,2646
28.664311170578003,2838
28.67169499397278,2801
28.684736013412476,2478
28.690304040908813,2920
28.70002317428589,2686
28.710108995437622,2792
28.72004508972168,2789
28.730047941207886,2491
28.740059852600098,2867
28.74998712539673,2673
28.75996494293213,2773
28.769906044006348,2813
28.779918909072876,2519
28.790009021759033,2893
28.800003051757812,2647
28.80960702896118,2872
28.819565057754517,2766
28.829740047454834,2516
28.839735984802246,2793
28.85008406639099,2345
28.85965585708618,2571
28.869833946228027,2348
28.87984013557434,2270
28.889580011367798,2569
28.899554014205933,2119
28.909454822540283,2490
28.91943097114563,2380
28.929540157318115,2278
28.939614057540894,2732
28.949582815170288,2304
28.9594669342041,2701
28.969515085220337,2593
28.97912287712097,2461
28.989155054092407,2883
29.000365018844604,2463
29.009179830551147,2839
29.019134044647217,2682
29.029041051864624,2561
29.03918218612671,2811
29.04879593849182,2591
29.058873176574707,2912
29.06896209716797,2659
29.079061031341553,2715
29.08899211883545,2923
29.099342107772827,2501
29.109040021896362,2883
29.11895513534546,2641
29.128988027572632,2706
29.138965129852295,2754
29.152013063430786,2552
29.15917205810547,2772
29.168603897094727,2575
29.17861294746399,2675
29.188772201538086,2792
29.19874095916748,2476
29.208860874176025,2807
29.218240976333618,2705
29.22827696800232,2707
29.238306999206543,2881
29.249674081802368,2408
29.25819492340088,2960
29.26812505722046,2724
29.278194904327393,2736
29.288229942321777,2946
29.298540115356445,2576
29.308077096939087,2998
29.318022966384888,2623
29.32796812057495,2866
29.337907075881958,2894
29.34867215156555,2585
29.35799288749695,2986
29.367974996566772,2626
29.37796902656555,2799
29.387707948684692,2875
29.397913932800293,2515
29.40763807296753,3027
29.417665004730225,2652
29.427517890930176,2802
29.437571048736572,2875
29.447568893432617,2470
29.4574978351593,3033
29.4672589302063,2702
29.477236032485962,2743
29.487256050109863,2817
29.497342109680176,2412
29.507479190826416,2845
29.517426013946533,2631
29.527554035186768,2789
29.53751802444458,2817
29.547518968582153,2620
29.55717706680298,3014
29.567358016967773,2645
29.57721185684204,2814
29.58733296394348,2797
29.59736204147339,2713
29.606924057006836,2920
29.616868019104004,2549
29.627033948898315,2652
29.637039184570312,2570
29.64715600013733,2339
29.657150983810425,2577
29.66709613800049,2177
29.67663311958313,2339
29.686721086502075,2299
29.696840047836304,2112
29.7068190574646,2652
29.716826915740967,2239
29.726702213287354,2537
29.73673915863037,2512
29.746713876724243,2399
29.756448984146118,2847
29.76648497581482,2383
29.776512145996094,2696
29.78653383255005,2671
29.79654598236084,2579
29.806571006774902,2913
29.81671714782715,2446
29.826142072677612,2801
29.83616304397583,2727
29.846166133880615,2586
29.856199026107788,2900
29.86623787879944,2501
29.87602686882019,2769
29.88613796234131,2667
29.896126985549927,2591
29.906141996383667,2743
29.91627287864685,2527
29.92613196372986,2738
29.93622899055481,2660
29.94581413269043,2616
29.955781936645508,2768
29.965960025787354,2301
29.97590208053589,2736
29.98613715171814,2514
29.99586296081543,2570
30.005838871002197,2779
30.015997886657715,2380
30.02587604522705,2776
30.035624980926514,2671
30.045646905899048,2661
30.06269907951355,2896
30.065584897994995,2535
30.07546305656433,2792
30.0854332447052,2714
30.09545612335205,2635
30.10555601119995,2892
30.115692138671875,2560
30.12573504447937,2756
30.135217905044556,2648
30.145220041275024,2726
30.155359983444214,2789
30.165199995040894,2392
30.17558717727661,2803
30.185312032699585,2612
30.19525408744812,2659
30.205092906951904,2809
30.2153217792511,2417
30.225430011749268,2876
30.23543906211853,2511
30.24525213241577,2687
30.254926204681396,2786
30.265011072158813,2429
30.275572061538696,2816
30.286038160324097,2608
30.29469895362854,2606
30.306543111801147,2872
30.314809799194336,2343
30.32474398612976,2783
30.33475613594055,2630
30.344691038131714,2630
30.354681968688965,2783
30.36487102508545,2380
30.374852180480957,2701
30.384752988815308,2362
30.394758939743042,2406
30.404351949691772,2300
30.415016889572144,2043
30.424847841262817,2428
30.434925079345703,2063
30.44440197944641,2216
30.454451084136963,2226
30.46417784690857,2000
30.47431206703186,2585
30.48415207862854,2222
30.49435019493103,2474
30.50442600250244,2488
30.514326095581055,2317
30.52397108078003,2691
30.538251161575317,2444
30.546616077423096,2620
30.55569314956665,2582
30.56431221961975,2182
30.573988914489746,445
30.58395290374756,197
30.603781938552856,127
30.613731145858765,2380
30.623560905456543,3760
30.843090057373047,3870
30.942766189575195,3894
31.092287063598633,3887
31.19202208518982,3860
31.24249505996704,3838
31.341706037521362,3862
31.591089010238647,3851
31.690810918807983,3866
31.710556030273438,3899
31.840237140655518,3860
32.009472131729126,3881
32.10935997962952,3860
32.20923185348511,3880
